{"_id":{"$oid":"5aab11e01734bd90457c9c8a"},"Stars":1,"ReviewCount":731363.0}
{"_id":{"$oid":"5aab11e01734bd90457c9c8b"},"Stars":2,"ReviewCount":438161.0}
{"_id":{"$oid":"5aab11e01734bd90457c9c8c"},"Stars":3,"ReviewCount":615481.0}
{"_id":{"$oid":"5aab11e01734bd90457c9c8d"},"Stars":4,"ReviewCount":1.223316e+06}
{"_id":{"$oid":"5aab11e01734bd90457c9c8e"},"Stars":5,"ReviewCount":2.253348e+06}
